supplier_product_id,supplier_product_name,supplier_name,supplier_price,supplier_category,original_product_id
SUP-PRD-00001,スタイリッシュ型デスクライト,東京インポート株式会社,26554.97,照明,PRD-INT-00001
SUP-PRD-00002,スタイリッシュデスク灯,大阪ディストリビューション株式会社,7254.05,照明,PRD-INT-00002
SUP-PRD-00003,モダンデスクランプ,グローバルトレード合同会社,24762.43,照明,PRD-INT-00003
SUP-PRD-00004,MinimalSpace LED調光デスクライト,グローバルトレード合同会社,12675.31,照明,PRD-INT-00004
SUP-PRD-00005,コンパクトデスク灯,東京インポート株式会社,25538.67,照明,PRD-INT-00005
SUP-PRD-00006,ＬＥＤ調光デスクライト,株式会社ノースライフ,4585.51,照明,PRD-INT-00006
SUP-PRD-00007,コンパクトデスク灯,東京インポート株式会社,22447.5,照明,PRD-INT-00007
SUP-PRD-00008,スタイリッシュデスクランプ,株式会社ノースライフ,7282.83,照明,PRD-INT-00008
SUP-PRD-00009,LED調光デスク灯,大阪ディストリビューション株式会社,20510.92,照明,PRD-INT-00009
SUP-PRD-00010,モダンデスク灯,大阪ディストリビューション株式会社,3316.81,照明,PRD-INT-00010
SUP-PRD-00011,モダンテーブルライト,東京インポート株式会社,7302.85,照明,PRD-INT-00011
SUP-PRD-00012,コンパクトデスクランプ,グローバルトレード合同会社,2963.4,照明,PRD-INT-00012
SUP-PRD-00013,モダンフロア型ライト,東京インポート株式会社,9884.72,照明,PRD-INT-00013
SUP-PRD-00014,北欧風フロアランプ,株式会社ノースライフ,26204.21,照明,PRD-INT-00014
SUP-PRD-00015,モダンフロアライト照明,大阪ディストリビューション株式会社,3427.2,照明,PRD-INT-00015
SUP-PRD-00016,スタンディングフロアランプ,株式会社ノースライフ,13564.72,照明,PRD-INT-00016
SUP-PRD-00017,北欧風フロアライト照明,東京インポート株式会社,16113.02,照明,PRD-INT-00017
SUP-PRD-00018,ModernLiving 北欧風フロアライト,グローバルトレード合同会社,21670.86,照明,PRD-INT-00018
SUP-PRD-00019,間接照明フロアライト照明,サプライチェーンジャパン株式会社,8582.61,照明,PRD-INT-00019
SUP-PRD-00020,GlacierStyle 北欧風フロアライト,東京インポート株式会社,11034.53,照明,PRD-INT-00020
SUP-PRD-00021,北欧風 フロアライト,サプライチェーンジャパン株式会社,5893.01,照明,PRD-INT-00021
SUP-PRD-00022,北欧風フロアランプ,大阪ディストリビューション株式会社,13500.75,照明,PRD-INT-00022
SUP-PRD-00023,間接照明フロアランプ,大阪ディストリビューション株式会社,28909.12,照明,PRD-INT-00023
SUP-PRD-00024,モダンフロアライト照明,サプライチェーンジャパン株式会社,15163.82,照明,PRD-INT-00024
SUP-PRD-00025,デザインシーリング灯,大阪ディストリビューション株式会社,9782.92,照明,PRD-INT-00025
SUP-PRD-00026,調光調色シーリングライト照明,大阪ディストリビューション株式会社,12893.92,照明,PRD-INT-00026
SUP-PRD-00027,NordicHome デザインシーリングライト,グローバルトレード合同会社,1378.73,照明,PRD-INT-00027
SUP-PRD-00028,調光調色シーリングライト照明,サプライチェーンジャパン株式会社,9747.19,照明,PRD-INT-00028
SUP-PRD-00029,調光調色シーリングライト照明,大阪ディストリビューション株式会社,21677.78,照明,PRD-INT-00029
SUP-PRD-00030,ＬＥＤシーリングライト,東京インポート株式会社,28710.31,照明,PRD-INT-00030
SUP-PRD-00031,デザインシーリングライト照明,東京インポート株式会社,10652.28,照明,PRD-INT-00031
SUP-PRD-00032,リモコン付きシーリング灯,サプライチェーンジャパン株式会社,2004.45,照明,PRD-INT-00032
SUP-PRD-00033,デザインシリングライト,サプライチェーンジャパン株式会社,11948.35,照明,PRD-INT-00033
SUP-PRD-00034,リモコン付きシーリング型ライト,グローバルトレード合同会社,19691.62,照明,PRD-INT-00034
SUP-PRD-00035,デザインシーリングランプ,株式会社ノースライフ,27988.36,照明,PRD-INT-00035
SUP-PRD-00036,デザインシーリングライト照明,グローバルトレード合同会社,15070.08,照明,PRD-INT-00036
SUP-PRD-00037,吊り下げペンダントランプ,サプライチェーンジャパン株式会社,23919.1,照明,PRD-INT-00037
SUP-PRD-00038,北欧風ペンダントライト照明,大阪ディストリビューション株式会社,7286.04,照明,PRD-INT-00038
SUP-PRD-00039,GlacierStyle 北欧風ペンダントライト,東京インポート株式会社,7928.15,照明,PRD-INT-00039
SUP-PRD-00040,モダンペンダントランプ,グローバルトレード合同会社,3619.54,照明,PRD-INT-00040
SUP-PRD-00041,ペンダントライト,東京インポート株式会社,10677.13,照明,PRD-INT-00041
SUP-PRD-00042,ガラスペンダントランプ,サプライチェーンジャパン株式会社,25384.3,照明,PRD-INT-00042
SUP-PRD-00043,北欧ペンダントライト,株式会社ノースライフ,26243.72,照明,PRD-INT-00043
SUP-PRD-00044,ガラスペンダント灯,東京インポート株式会社,22813.81,照明,PRD-INT-00044
SUP-PRD-00045,ガラス吊下げライト,大阪ディストリビューション株式会社,14447.93,照明,PRD-INT-00045
SUP-PRD-00046,ガラスペンダントランプ,サプライチェーンジャパン株式会社,29126.9,照明,PRD-INT-00046
SUP-PRD-00047,吊り下げペンダントライト照明,大阪ディストリビューション株式会社,18441.83,照明,PRD-INT-00047
SUP-PRD-00048,北欧風ペンダント式ライト,大阪ディストリビューション株式会社,2176.08,照明,PRD-INT-00048
SUP-PRD-00049,収納付きテーブル,グローバルトレード合同会社,15081.0,家具,PRD-INT-00049
SUP-PRD-00050,GlacierStyle L字型デスク,サプライチェーンジャパン株式会社,23195.83,家具,PRD-INT-00050
SUP-PRD-00051,L字型デスク用,東京インポート株式会社,22607.43,家具,PRD-INT-00051
SUP-PRD-00052,UrbanDecor L字型デスク,株式会社ノースライフ,14082.31,家具,PRD-INT-00052
SUP-PRD-00053,スタンディングデスク用,大阪ディストリビューション株式会社,16272.56,家具,PRD-INT-00053
SUP-PRD-00054,シンプルテーブル,大阪ディストリビューション株式会社,28063.84,家具,PRD-INT-00054
SUP-PRD-00055,UrbanDecor シンプルデスク,東京インポート株式会社,2654.99,家具,PRD-INT-00055
SUP-PRD-00056,スタンディングテーブル,グローバルトレード合同会社,10081.17,家具,PRD-INT-00056
SUP-PRD-00057,UrbanDecor シンプルデスク,大阪ディストリビューション株式会社,7553.37,家具,PRD-INT-00057
SUP-PRD-00058,スタンディングテーブル,グローバルトレード合同会社,18517.84,家具,PRD-INT-00058
SUP-PRD-00059,スタンディングデスク用,東京インポート株式会社,19253.71,家具,PRD-INT-00059
SUP-PRD-00060,シンプルテーブル,サプライチェーンジャパン株式会社,12185.64,家具,PRD-INT-00060
SUP-PRD-00061,オフィスチェアー,グローバルトレード合同会社,23969.89,家具,PRD-INT-00061
SUP-PRD-00062,ダイニングイス,サプライチェーンジャパン株式会社,18454.39,家具,PRD-INT-00062
SUP-PRD-00063,ダイニングイス,大阪ディストリビューション株式会社,18701.65,家具,PRD-INT-00063
SUP-PRD-00064,ゲーミングチェアー,グローバルトレード合同会社,20327.28,家具,PRD-INT-00064
SUP-PRD-00065,オフィスチェアー,グローバルトレード合同会社,16651.71,家具,PRD-INT-00065
SUP-PRD-00066,人体工学チェア,サプライチェーンジャパン株式会社,17922.58,家具,PRD-INT-00066
SUP-PRD-00067,ダイニング椅子,株式会社ノースライフ,8613.84,家具,PRD-INT-00067
SUP-PRD-00068,オフィスチェアー,株式会社ノースライフ,8726.76,家具,PRD-INT-00068
SUP-PRD-00069,オフィスチェアー,サプライチェーンジャパン株式会社,25134.7,家具,PRD-INT-00069
SUP-PRD-00070,ModernLiving エルゴノミクスチェア,株式会社ノースライフ,1698.73,家具,PRD-INT-00070
SUP-PRD-00071,ゲーミングチェアー,グローバルトレード合同会社,23008.06,家具,PRD-INT-00071
SUP-PRD-00072,エルゴノミクスイス,東京インポート株式会社,8344.93,家具,PRD-INT-00072
SUP-PRD-00073,GlacierStyle ディスプレイラック,大阪ディストリビューション株式会社,27824.92,家具,PRD-INT-00073
SUP-PRD-00074,ブック棚,グローバルトレード合同会社,26539.54,家具,PRD-INT-00074
SUP-PRD-00075,UrbanDecor ブックシェルフ,東京インポート株式会社,9870.8,家具,PRD-INT-00075
SUP-PRD-00076,UrbanDecor ディスプレイラック,株式会社ノースライフ,5997.19,家具,PRD-INT-00076
SUP-PRD-00077,ModernLiving ディスプレイラック,サプライチェーンジャパン株式会社,1730.13,家具,PRD-INT-00077
SUP-PRD-00078,UrbanDecor オープンシェルフ,東京インポート株式会社,10753.56,家具,PRD-INT-00078
SUP-PRD-00079,オープン棚,大阪ディストリビューション株式会社,24725.5,家具,PRD-INT-00079
SUP-PRD-00080,NordicHome ディスプレイラック,サプライチェーンジャパン株式会社,9854.93,家具,PRD-INT-00080
SUP-PRD-00081,オープン棚,サプライチェーンジャパン株式会社,22918.75,家具,PRD-INT-00081
SUP-PRD-00082,オープン収納棚,株式会社ノースライフ,9810.02,家具,PRD-INT-00082
SUP-PRD-00083,GlacierStyle ディスプレイラック,大阪ディストリビューション株式会社,6748.46,家具,PRD-INT-00083
SUP-PRD-00084,ブックラック,サプライチェーンジャパン株式会社,25629.19,家具,PRD-INT-00084
SUP-PRD-00085,折りたたみダイニング台,グローバルトレード合同会社,16633.85,家具,PRD-INT-00085
SUP-PRD-00086,GlacierStyle ダイニングテーブル,株式会社ノースライフ,20687.04,家具,PRD-INT-00086
SUP-PRD-00087,折りたたみ卓,グローバルトレード合同会社,19389.41,家具,PRD-INT-00087
SUP-PRD-00088,ダイニングテーブル台,サプライチェーンジャパン株式会社,5804.84,家具,PRD-INT-00088
SUP-PRD-00089,ダイニング卓,東京インポート株式会社,3020.37,家具,PRD-INT-00089
SUP-PRD-00090,折りたたみダイニング台,サプライチェーンジャパン株式会社,13259.3,家具,PRD-INT-00090
SUP-PRD-00091,折りたたみテーブル台,株式会社ノースライフ,5197.03,家具,PRD-INT-00091
SUP-PRD-00092,ダイニングダイニング台,東京インポート株式会社,15283.78,家具,PRD-INT-00092
SUP-PRD-00093,ダイニングテーブル台,大阪ディストリビューション株式会社,3250.79,家具,PRD-INT-00093
SUP-PRD-00094,ダイニング卓,株式会社ノースライフ,25828.61,家具,PRD-INT-00094
SUP-PRD-00095,GlacierStyle ダイニングテーブル,サプライチェーンジャパン株式会社,23513.97,家具,PRD-INT-00095
SUP-PRD-00096,GlacierStyle コーヒーテーブル,グローバルトレード合同会社,26602.86,家具,PRD-INT-00096
SUP-PRD-00097,GlacierStyle 振り子時計,株式会社ノースライフ,9056.21,装飾品,PRD-INT-00097
SUP-PRD-00098,NordicHome 壁掛け時計,東京インポート株式会社,25820.38,装飾品,PRD-INT-00098
SUP-PRD-00099,NordicHome 置き時計,大阪ディストリビューション株式会社,27584.35,装飾品,PRD-INT-00099
SUP-PRD-00100,NordicHome 振り子時計,株式会社ノースライフ,7267.82,装飾品,PRD-INT-00100
SUP-PRD-00101,NordicHome 置き時計,東京インポート株式会社,13290.55,装飾品,PRD-INT-00101
SUP-PRD-00102,GlacierStyle 置き時計,サプライチェーンジャパン株式会社,24488.61,装飾品,PRD-INT-00102
SUP-PRD-00103,デジタル 時計,大阪ディストリビューション株式会社,9124.86,装飾品,PRD-INT-00103
SUP-PRD-00104,UrbanDecor 振り子時計,大阪ディストリビューション株式会社,28392.01,装飾品,PRD-INT-00104
SUP-PRD-00105,UrbanDecor 壁掛け時計,大阪ディストリビューション株式会社,6420.19,装飾品,PRD-INT-00105
SUP-PRD-00106,NordicHome 壁掛け時計,株式会社ノースライフ,12192.39,装飾品,PRD-INT-00106
SUP-PRD-00107,UrbanDecor 壁掛け時計,大阪ディストリビューション株式会社,21902.05,装飾品,PRD-INT-00107
SUP-PRD-00108,MinimalSpace 置き時計,グローバルトレード合同会社,25117.14,装飾品,PRD-INT-00108
SUP-PRD-00109,花瓶,グローバルトレード合同会社,23987.75,装飾品,PRD-INT-00109
SUP-PRD-00110,モダン 花瓶,大阪ディストリビューション株式会社,10831.78,装飾品,PRD-INT-00110
SUP-PRD-00111,GlacierStyle ガラス花瓶,株式会社ノースライフ,19873.97,装飾品,PRD-INT-00111
SUP-PRD-00112,モダン 花瓶,株式会社ノースライフ,2101.68,装飾品,PRD-INT-00112
SUP-PRD-00113,モダン調花瓶,サプライチェーンジャパン株式会社,25437.01,装飾品,PRD-INT-00113
SUP-PRD-00114,現代風花瓶,大阪ディストリビューション株式会社,1122.48,装飾品,PRD-INT-00114
SUP-PRD-00115,モダン調花瓶,サプライチェーンジャパン株式会社,27405.28,装飾品,PRD-INT-00115
SUP-PRD-00116,MinimalSpace ガラス花瓶,サプライチェーンジャパン株式会社,7072.22,装飾品,PRD-INT-00116
SUP-PRD-00117,UrbanDecor 陶器花瓶,東京インポート株式会社,4718.95,装飾品,PRD-INT-00117
SUP-PRD-00118,ModernLiving ガラス花瓶,東京インポート株式会社,7763.0,装飾品,PRD-INT-00118
SUP-PRD-00119,モダン調花瓶,株式会社ノースライフ,23287.04,装飾品,PRD-INT-00119
SUP-PRD-00120,MinimalSpace 陶器花瓶,グローバルトレード合同会社,5530.11,装飾品,PRD-INT-00120
SUP-PRD-00121,MinimalSpace ウォールフレーム,東京インポート株式会社,5105.29,装飾品,PRD-INT-00121
SUP-PRD-00122,NordicHome ウォールフレーム,サプライチェーンジャパン株式会社,13681.38,装飾品,PRD-INT-00122
SUP-PRD-00123,MinimalSpace デジタルフォトフレーム,東京インポート株式会社,5419.16,装飾品,PRD-INT-00123
SUP-PRD-00124,GlacierStyle ウォールフレーム,グローバルトレード合同会社,7059.64,装飾品,PRD-INT-00124
SUP-PRD-00125,MinimalSpace デジタルフォトフレーム,東京インポート株式会社,13684.3,装飾品,PRD-INT-00125
SUP-PRD-00126,GlacierStyle ウォールフレーム,株式会社ノースライフ,8589.08,装飾品,PRD-INT-00126
SUP-PRD-00127,写真フレム,サプライチェーンジャパン株式会社,11382.2,装飾品,PRD-INT-00127
SUP-PRD-00128,GlacierStyle 写真フレーム,サプライチェーンジャパン株式会社,29195.54,装飾品,PRD-INT-00128
SUP-PRD-00129,NordicHome 写真フレーム,東京インポート株式会社,11809.23,装飾品,PRD-INT-00129
SUP-PRD-00130,NordicHome 写真フレーム,株式会社ノースライフ,24054.65,装飾品,PRD-INT-00130
SUP-PRD-00131,UrbanDecor ウォールフレーム,株式会社ノースライフ,13297.3,装飾品,PRD-INT-00131
SUP-PRD-00132,GlacierStyle アートフレーム,大阪ディストリビューション株式会社,11260.54,装飾品,PRD-INT-00132
SUP-PRD-00133,UrbanDecor 陶器オブジェ,株式会社ノースライフ,24086.54,装飾品,PRD-INT-00133
SUP-PRD-00134,モダン調アート,サプライチェーンジャパン株式会社,21801.14,装飾品,PRD-INT-00134
SUP-PRD-00135,MinimalSpace インテリアオブジェ,大阪ディストリビューション株式会社,25969.5,装飾品,PRD-INT-00135
SUP-PRD-00136,現代風アート,東京インポート株式会社,21321.52,装飾品,PRD-INT-00136
SUP-PRD-00137,モダン調アート,東京インポート株式会社,5813.07,装飾品,PRD-INT-00137
SUP-PRD-00138,GlacierStyle 陶器オブジェ,東京インポート株式会社,24708.56,装飾品,PRD-INT-00138
SUP-PRD-00139,現代風アート,サプライチェーンジャパン株式会社,9003.47,装飾品,PRD-INT-00139
SUP-PRD-00140,UrbanDecor インテリアオブジェ,サプライチェーンジャパン株式会社,5462.08,装飾品,PRD-INT-00140
SUP-PRD-00141,UrbanDecor モダンアート,大阪ディストリビューション株式会社,6700.0,装飾品,PRD-INT-00141
SUP-PRD-00142,GlacierStyle 陶器オブジェ,大阪ディストリビューション株式会社,10261.79,装飾品,PRD-INT-00142
SUP-PRD-00143,NordicHome デコレーションピース,グローバルトレード合同会社,21645.79,装飾品,PRD-INT-00143
SUP-PRD-00144,ModernLiving 陶器オブジェ,東京インポート株式会社,5706.15,装飾品,PRD-INT-00144
SUP-PRD-00145,スティック 掃除機,東京インポート株式会社,68494.46,生活家電,PRD-ELT-00001
SUP-PRD-00146,TechnoLife サイクロン掃除機,株式会社ノースライフ,36534.72,生活家電,PRD-ELT-00002
SUP-PRD-00147,SmartHome コードレス掃除機,株式会社ノースライフ,7238.11,生活家電,PRD-ELT-00003
SUP-PRD-00148,EcoAppliance ロボット掃除機,東京インポート株式会社,59410.3,生活家電,PRD-ELT-00004
SUP-PRD-00149,PowerPlus ロボット掃除機,グローバルトレード合同会社,68633.79,生活家電,PRD-ELT-00005
SUP-PRD-00150,EcoAppliance サイクロン掃除機,サプライチェーンジャパン株式会社,70308.72,生活家電,PRD-ELT-00006
SUP-PRD-00151,SmartHome ロボット掃除機,グローバルトレード合同会社,46411.96,生活家電,PRD-ELT-00007
SUP-PRD-00152,FutureHome スティック掃除機,東京インポート株式会社,66584.06,生活家電,PRD-ELT-00008
SUP-PRD-00153,TechnoLife スティック掃除機,東京インポート株式会社,60135.07,生活家電,PRD-ELT-00009
SUP-PRD-00154,EcoAppliance コードレス掃除機,グローバルトレード合同会社,45995.06,生活家電,PRD-ELT-00010
SUP-PRD-00155,TechnoLife サイクロン掃除機,サプライチェーンジャパン株式会社,49232.97,生活家電,PRD-ELT-00011
SUP-PRD-00156,FutureHome コードレス掃除機,サプライチェーンジャパン株式会社,53170.32,生活家電,PRD-ELT-00012
SUP-PRD-00157,PowerPlus 静音空気清浄機,東京インポート株式会社,15192.01,生活家電,PRD-ELT-00013
SUP-PRD-00158,PowerPlus 加湿機能付き空気清浄機,グローバルトレード合同会社,41156.27,生活家電,PRD-ELT-00014
SUP-PRD-00159,FutureHome HEPAフィルター空気清浄機,株式会社ノースライフ,18544.98,生活家電,PRD-ELT-00015
SUP-PRD-00160,TechnoLife HEPAフィルター空気清浄機,東京インポート株式会社,38271.41,生活家電,PRD-ELT-00016
SUP-PRD-00161,FutureHome 静音空気清浄機,サプライチェーンジャパン株式会社,12434.27,生活家電,PRD-ELT-00017
SUP-PRD-00162,SmartHome 静音空気清浄機,株式会社ノースライフ,35034.43,生活家電,PRD-ELT-00018
SUP-PRD-00163,PowerPlus HEPAフィルター空気清浄機,サプライチェーンジャパン株式会社,5888.24,生活家電,PRD-ELT-00019
SUP-PRD-00164,SmartHome 静音空気清浄機,株式会社ノースライフ,65224.55,生活家電,PRD-ELT-00020
SUP-PRD-00165,PowerPlus 加湿機能付き空気清浄機,東京インポート株式会社,17943.87,生活家電,PRD-ELT-00021
SUP-PRD-00166,SmartHome コンパクト空気清浄機,株式会社ノースライフ,3848.79,生活家電,PRD-ELT-00022
SUP-PRD-00167,SmartHome 静音空気清浄機,東京インポート株式会社,64163.0,生活家電,PRD-ELT-00023
SUP-PRD-00168,TechnoLife HEPAフィルター空気清浄機,グローバルトレード合同会社,41851.38,生活家電,PRD-ELT-00024
SUP-PRD-00169,SmartHome スチーム加湿器,大阪ディストリビューション株式会社,24734.14,生活家電,PRD-ELT-00025
SUP-PRD-00170,TechnoLife アロマ対応加湿器,グローバルトレード合同会社,42209.23,生活家電,PRD-ELT-00026
SUP-PRD-00171,EcoAppliance アロマ対応加湿器,グローバルトレード合同会社,27594.31,生活家電,PRD-ELT-00027
SUP-PRD-00172,PowerPlus 超音波加湿器,東京インポート株式会社,21101.08,生活家電,PRD-ELT-00028
SUP-PRD-00173,EcoAppliance スチーム加湿器,東京インポート株式会社,76222.91,生活家電,PRD-ELT-00029
SUP-PRD-00174,SmartHome スチーム加湿器,大阪ディストリビューション株式会社,32477.33,生活家電,PRD-ELT-00030
SUP-PRD-00175,EcoAppliance 超音波加湿器,大阪ディストリビューション株式会社,41030.75,生活家電,PRD-ELT-00031
SUP-PRD-00176,FutureHome 超音波加湿器,東京インポート株式会社,16172.27,生活家電,PRD-ELT-00032
SUP-PRD-00177,SmartHome アロマ対応加湿器,サプライチェーンジャパン株式会社,42926.23,生活家電,PRD-ELT-00033
SUP-PRD-00178,SmartHome 超音波加湿器,東京インポート株式会社,62802.76,生活家電,PRD-ELT-00034
SUP-PRD-00179,PowerPlus スチーム加湿器,東京インポート株式会社,21791.11,生活家電,PRD-ELT-00035
SUP-PRD-00180,EcoAppliance 超音波加湿器,サプライチェーンジャパン株式会社,38042.64,生活家電,PRD-ELT-00036
SUP-PRD-00181,PowerPlus コンプレッサー除湿器,グローバルトレード合同会社,68833.08,生活家電,PRD-ELT-00037
SUP-PRD-00182,ミニ除湿器,株式会社ノースライフ,54998.17,生活家電,PRD-ELT-00038
SUP-PRD-00183,PowerPlus コンプレッサー除湿器,株式会社ノースライフ,37778.78,生活家電,PRD-ELT-00039
SUP-PRD-00184,SmartHome デシカント除湿器,東京インポート株式会社,11584.77,生活家電,PRD-ELT-00040
SUP-PRD-00185,TechnoLife コンプレッサー除湿器,大阪ディストリビューション株式会社,70144.27,生活家電,PRD-ELT-00041
SUP-PRD-00186,小型除湿器,サプライチェーンジャパン株式会社,8223.31,生活家電,PRD-ELT-00042
SUP-PRD-00187,SmartHome デシカント除湿器,東京インポート株式会社,69252.5,生活家電,PRD-ELT-00043
SUP-PRD-00188,TechnoLife コンプレッサー除湿器,大阪ディストリビューション株式会社,19963.14,生活家電,PRD-ELT-00044
SUP-PRD-00189,FutureHome デシカント除湿器,東京インポート株式会社,52906.82,生活家電,PRD-ELT-00045
SUP-PRD-00190,PowerPlus コンパクト除湿器,グローバルトレード合同会社,79009.93,生活家電,PRD-ELT-00046
SUP-PRD-00191,TechnoLife デシカント除湿器,東京インポート株式会社,16945.44,生活家電,PRD-ELT-00047
SUP-PRD-00192,FutureHome デシカント除湿器,東京インポート株式会社,6162.84,生活家電,PRD-ELT-00048
SUP-PRD-00193,PowerPlus オーブンレンジ,東京インポート株式会社,66282.7,キッチン家電,PRD-ELT-00049
SUP-PRD-00194,ミニ電子レンジ,グローバルトレード合同会社,14232.73,キッチン家電,PRD-ELT-00050
SUP-PRD-00195,SmartHome スチームオーブンレンジ,株式会社ノースライフ,69605.24,キッチン家電,PRD-ELT-00051
SUP-PRD-00196,フラット 電子 レンジ,グローバルトレード合同会社,16962.03,キッチン家電,PRD-ELT-00052
SUP-PRD-00197,SmartHome オーブンレンジ,サプライチェーンジャパン株式会社,51024.87,キッチン家電,PRD-ELT-00053
SUP-PRD-00198,compact電子レンジ,東京インポート株式会社,64571.02,キッチン家電,PRD-ELT-00054
SUP-PRD-00199,フラット 電子レンジ,東京インポート株式会社,65683.05,キッチン家電,PRD-ELT-00055
SUP-PRD-00200,PowerPlus フラット電子レンジ,株式会社ノースライフ,40777.39,キッチン家電,PRD-ELT-00056
SUP-PRD-00201,FutureHome フラット電子レンジ,サプライチェーンジャパン株式会社,4132.1,キッチン家電,PRD-ELT-00057
SUP-PRD-00202,compact電子レンジ,サプライチェーンジャパン株式会社,52075.36,キッチン家電,PRD-ELT-00058
SUP-PRD-00203,SmartHome フラット電子レンジ,大阪ディストリビューション株式会社,63460.62,キッチン家電,PRD-ELT-00059
SUP-PRD-00204,ミニ電子レンジ,グローバルトレード合同会社,54695.65,キッチン家電,PRD-ELT-00060
SUP-PRD-00205,ＩＨ炊飯器,グローバルトレード合同会社,40533.93,キッチン家電,PRD-ELT-00061
SUP-PRD-00206,PowerPlus マイコン炊飯器,大阪ディストリビューション株式会社,16903.19,キッチン家電,PRD-ELT-00062
SUP-PRD-00207,EcoAppliance 多機能炊飯器,大阪ディストリビューション株式会社,60405.87,キッチン家電,PRD-ELT-00063
SUP-PRD-00208,EcoAppliance 圧力IH炊飯器,株式会社ノースライフ,77112.94,キッチン家電,PRD-ELT-00064
SUP-PRD-00209,TechnoLife マイコン炊飯器,株式会社ノースライフ,50219.0,キッチン家電,PRD-ELT-00065
SUP-PRD-00210,PowerPlus 多機能炊飯器,大阪ディストリビューション株式会社,40428.84,キッチン家電,PRD-ELT-00066
SUP-PRD-00211,EcoAppliance IH炊飯器,東京インポート株式会社,75850.1,キッチン家電,PRD-ELT-00067
SUP-PRD-00212,SmartHome 多機能炊飯器,東京インポート株式会社,15871.01,キッチン家電,PRD-ELT-00068
SUP-PRD-00213,圧力ＩＨ炊飯器,株式会社ノースライフ,21019.48,キッチン家電,PRD-ELT-00069
SUP-PRD-00214,EcoAppliance マイコン炊飯器,株式会社ノースライフ,51200.24,キッチン家電,PRD-ELT-00070
SUP-PRD-00215,FutureHome 多機能炊飯器,大阪ディストリビューション株式会社,67882.46,キッチン家電,PRD-ELT-00071
SUP-PRD-00216,PowerPlus マイコン炊飯器,東京インポート株式会社,67024.93,キッチン家電,PRD-ELT-00072
SUP-PRD-00217,TechnoLife ポップアップトースター,大阪ディストリビューション株式会社,74515.34,キッチン家電,PRD-ELT-00073
SUP-PRD-00218,小型トースター,株式会社ノースライフ,66058.8,キッチン家電,PRD-ELT-00074
SUP-PRD-00219,EcoAppliance スチームトースター,東京インポート株式会社,46603.18,キッチン家電,PRD-ELT-00075
SUP-PRD-00220,コンパクトトスター,大阪ディストリビューション株式会社,40079.18,キッチン家電,PRD-ELT-00076
SUP-PRD-00221,EcoAppliance スチームトースター,グローバルトレード合同会社,52260.35,キッチン家電,PRD-ELT-00077
SUP-PRD-00222,ミニトースター,グローバルトレード合同会社,2556.9,キッチン家電,PRD-ELT-00078
SUP-PRD-00223,SmartHome オーブントースター,大阪ディストリビューション株式会社,52555.51,キッチン家電,PRD-ELT-00079
SUP-PRD-00224,compactトースター,大阪ディストリビューション株式会社,65958.48,キッチン家電,PRD-ELT-00080
SUP-PRD-00225,FutureHome ポップアップトースター,株式会社ノースライフ,72616.6,キッチン家電,PRD-ELT-00081
SUP-PRD-00226,TechnoLife ポップアップトースター,グローバルトレード合同会社,38348.12,キッチン家電,PRD-ELT-00082
SUP-PRD-00227,FutureHome ポップアップトースター,東京インポート株式会社,68655.51,キッチン家電,PRD-ELT-00083
SUP-PRD-00228,EcoAppliance スチームトースター,株式会社ノースライフ,20485.23,キッチン家電,PRD-ELT-00084
SUP-PRD-00229,EcoAppliance ドリップコーヒーメーカー,サプライチェーンジャパン株式会社,63868.46,キッチン家電,PRD-ELT-00085
SUP-PRD-00230,SmartHome カプセル式コーヒーメーカー,グローバルトレード合同会社,29734.73,キッチン家電,PRD-ELT-00086
SUP-PRD-00231,全自動 コーヒーメーカー,サプライチェーンジャパン株式会社,63145.57,キッチン家電,PRD-ELT-00087
SUP-PRD-00232,FutureHome ドリップコーヒーメーカー,サプライチェーンジャパン株式会社,67002.85,キッチン家電,PRD-ELT-00088
SUP-PRD-00233,EcoAppliance ドリップコーヒーメーカー,サプライチェーンジャパン株式会社,21839.81,キッチン家電,PRD-ELT-00089
SUP-PRD-00234,FutureHome ドリップコーヒーメーカー,株式会社ノースライフ,28043.99,キッチン家電,PRD-ELT-00090
SUP-PRD-00235,SmartHome ドリップコーヒーメーカー,東京インポート株式会社,21101.37,キッチン家電,PRD-ELT-00091
SUP-PRD-00236,PowerPlus エスプレッソマシン,株式会社ノースライフ,63541.14,キッチン家電,PRD-ELT-00092
SUP-PRD-00237,TechnoLife カプセル式コーヒーメーカー,大阪ディストリビューション株式会社,17791.98,キッチン家電,PRD-ELT-00093
SUP-PRD-00238,TechnoLife カプセル式コーヒーメーカー,東京インポート株式会社,49722.31,キッチン家電,PRD-ELT-00094
SUP-PRD-00239,PowerPlus 全自動コーヒーメーカー,サプライチェーンジャパン株式会社,57820.13,キッチン家電,PRD-ELT-00095
SUP-PRD-00240,PowerPlus 全自動コーヒーメーカー,サプライチェーンジャパン株式会社,66444.63,キッチン家電,PRD-ELT-00096
SUP-PRD-00241,FutureHome イオンドライヤー,グローバルトレード合同会社,73050.81,美容家電,PRD-ELT-00097
SUP-PRD-00242,EcoAppliance イオンドライヤー,グローバルトレード合同会社,51572.58,美容家電,PRD-ELT-00098
SUP-PRD-00243,PowerPlus 速乾ドライヤー,株式会社ノースライフ,47824.52,美容家電,PRD-ELT-00099
SUP-PRD-00244,SmartHome イオンドライヤー,大阪ディストリビューション株式会社,72637.54,美容家電,PRD-ELT-00100
SUP-PRD-00245,PowerPlus 大風量ドライヤー,東京インポート株式会社,24718.56,美容家電,PRD-ELT-00101
SUP-PRD-00246,SmartHome 速乾ドライヤー,東京インポート株式会社,65890.47,美容家電,PRD-ELT-00102
SUP-PRD-00247,大風量 ドライヤー,大阪ディストリビューション株式会社,21533.21,美容家電,PRD-ELT-00103
SUP-PRD-00248,compactドライヤー,サプライチェーンジャパン株式会社,7576.16,美容家電,PRD-ELT-00104
SUP-PRD-00249,FutureHome イオンドライヤー,大阪ディストリビューション株式会社,52224.93,美容家電,PRD-ELT-00105
SUP-PRD-00250,小型ドライヤー,株式会社ノースライフ,76039.06,美容家電,PRD-ELT-00106
SUP-PRD-00251,小型ドライヤー,東京インポート株式会社,50585.57,美容家電,PRD-ELT-00107
SUP-PRD-00252,PowerPlus 大風量ドライヤー,サプライチェーンジャパン株式会社,57688.16,美容家電,PRD-ELT-00108
SUP-PRD-00253,FutureHome カールアイロン,株式会社ノースライフ,45032.16,美容家電,PRD-ELT-00109
SUP-PRD-00254,FutureHome ストレートアイロン,サプライチェーンジャパン株式会社,13073.9,美容家電,PRD-ELT-00110
SUP-PRD-00255,FutureHome ストレートアイロン,サプライチェーンジャパン株式会社,57826.13,美容家電,PRD-ELT-00111
SUP-PRD-00256,TechnoLife カールアイロン,グローバルトレード合同会社,70677.26,美容家電,PRD-ELT-00112
SUP-PRD-00257,TechnoLife ストレートアイロン,東京インポート株式会社,24007.33,美容家電,PRD-ELT-00113
SUP-PRD-00258,TechnoLife カールアイロン,大阪ディストリビューション株式会社,42084.43,美容家電,PRD-ELT-00114
SUP-PRD-00259,PowerPlus ストレートアイロン,グローバルトレード合同会社,69554.91,美容家電,PRD-ELT-00115
SUP-PRD-00260,FutureHome カールアイロン,サプライチェーンジャパン株式会社,12724.32,美容家電,PRD-ELT-00116
SUP-PRD-00261,PowerPlus カールアイロン,大阪ディストリビューション株式会社,30083.35,美容家電,PRD-ELT-00117
SUP-PRD-00262,FutureHome ストレートアイロン,大阪ディストリビューション株式会社,25205.97,美容家電,PRD-ELT-00118
SUP-PRD-00263,SmartHome カールアイロン,大阪ディストリビューション株式会社,50254.05,美容家電,PRD-ELT-00119
SUP-PRD-00264,EcoAppliance カールアイロン,グローバルトレード合同会社,62428.01,美容家電,PRD-ELT-00120
SUP-PRD-00265,TechnoLife イオン美顔器,サプライチェーンジャパン株式会社,56213.47,美容家電,PRD-ELT-00121
SUP-PRD-00266,ＬＥＤ美顔器,東京インポート株式会社,55474.89,美容家電,PRD-ELT-00122
SUP-PRD-00267,FutureHome イオン美顔器,グローバルトレード合同会社,68645.71,美容家電,PRD-ELT-00123
SUP-PRD-00268,PowerPlus ウォーターピーリング美顔器,サプライチェーンジャパン株式会社,58588.95,美容家電,PRD-ELT-00124
SUP-PRD-00269,TechnoLife LED美顔器,グローバルトレード合同会社,27338.29,美容家電,PRD-ELT-00125
SUP-PRD-00270,ＲＦ美顔器,大阪ディストリビューション株式会社,26371.67,美容家電,PRD-ELT-00126
SUP-PRD-00271,SmartHome イオン美顔器,株式会社ノースライフ,20592.77,美容家電,PRD-ELT-00127
SUP-PRD-00272,ＲＦ美顔器,グローバルトレード合同会社,79507.39,美容家電,PRD-ELT-00128
SUP-PRD-00273,エルイーディー美顔器,グローバルトレード合同会社,19089.11,美容家電,PRD-ELT-00129
SUP-PRD-00274,PowerPlus イオン美顔器,グローバルトレード合同会社,7628.14,美容家電,PRD-ELT-00130
SUP-PRD-00275,ＬＥＤ美顔器,株式会社ノースライフ,13483.45,美容家電,PRD-ELT-00131
SUP-PRD-00276,ＬＥＤ美顔器,グローバルトレード合同会社,4398.6,美容家電,PRD-ELT-00132
SUP-PRD-00277,PowerPlus 電気シェーバー,サプライチェーンジャパン株式会社,64459.32,美容家電,PRD-ELT-00133
SUP-PRD-00278,TechnoLife 回転式シェーバー,株式会社ノースライフ,74009.89,美容家電,PRD-ELT-00134
SUP-PRD-00279,FutureHome 防水シェーバー,大阪ディストリビューション株式会社,49782.12,美容家電,PRD-ELT-00135
SUP-PRD-00280,FutureHome 防水シェーバー,グローバルトレード合同会社,37035.99,美容家電,PRD-ELT-00136
SUP-PRD-00281,PowerPlus 電気シェーバー,サプライチェーンジャパン株式会社,69665.5,美容家電,PRD-ELT-00137
SUP-PRD-00282,SmartHome 往復式シェーバー,大阪ディストリビューション株式会社,26158.28,美容家電,PRD-ELT-00138
SUP-PRD-00283,TechnoLife 電気シェーバー,大阪ディストリビューション株式会社,79241.25,美容家電,PRD-ELT-00139
SUP-PRD-00284,SmartHome 電気シェーバー,大阪ディストリビューション株式会社,67913.9,美容家電,PRD-ELT-00140
SUP-PRD-00285,FutureHome 往復式シェーバー,東京インポート株式会社,31461.2,美容家電,PRD-ELT-00141
SUP-PRD-00286,EcoAppliance 回転式シェーバー,グローバルトレード合同会社,12419.53,美容家電,PRD-ELT-00142
SUP-PRD-00287,PowerPlus 電気シェーバー,グローバルトレード合同会社,52622.68,美容家電,PRD-ELT-00143
SUP-PRD-00288,FutureHome 電気シェーバー,株式会社ノースライフ,69719.9,美容家電,PRD-ELT-00144
SUP-PRD-00289,リネンウェア,大阪ディストリビューション株式会社,4219.39,メンズ,PRD-FSH-00001
SUP-PRD-00290,リネントップス,株式会社ノースライフ,14466.69,メンズ,PRD-FSH-00002
SUP-PRD-00291,カジュアルシャッツ,サプライチェーンジャパン株式会社,9423.27,メンズ,PRD-FSH-00003
SUP-PRD-00292,オックスフォードトップス,大阪ディストリビューション株式会社,3973.43,メンズ,PRD-FSH-00004
SUP-PRD-00293,ビジネスウェア,株式会社ノースライフ,6874.46,メンズ,PRD-FSH-00005
SUP-PRD-00294,リネンシャッツ,東京インポート株式会社,5664.34,メンズ,PRD-FSH-00006
SUP-PRD-00295,リネンウェア,株式会社ノースライフ,1372.21,メンズ,PRD-FSH-00007
SUP-PRD-00296,PremiumFashion ビジネスシャツ,サプライチェーンジャパン株式会社,6050.84,メンズ,PRD-FSH-00008
SUP-PRD-00297,オックスフォードトップス,株式会社ノースライフ,9740.74,メンズ,PRD-FSH-00009
SUP-PRD-00298,ビジネスシャッツ,株式会社ノースライフ,7313.06,メンズ,PRD-FSH-00010
SUP-PRD-00299,オックスフォードシャッツ,株式会社ノースライフ,5348.2,メンズ,PRD-FSH-00011
SUP-PRD-00300,カジュアルトップス,グローバルトレード合同会社,3028.61,メンズ,PRD-FSH-00012
SUP-PRD-00301,CasualMode ジーンズ,東京インポート株式会社,11456.39,メンズ,PRD-FSH-00013
SUP-PRD-00302,CasualMode チノパン,大阪ディストリビューション株式会社,5157.37,メンズ,PRD-FSH-00014
SUP-PRD-00303,CasualMode スラックス,大阪ディストリビューション株式会社,5718.52,メンズ,PRD-FSH-00015
SUP-PRD-00304,ElegantStyle ジーンズ,株式会社ノースライフ,4624.08,メンズ,PRD-FSH-00016
SUP-PRD-00305,UrbanWear ジーンズ,東京インポート株式会社,9689.51,メンズ,PRD-FSH-00017
SUP-PRD-00306,カーゴトラウザーズ,グローバルトレード合同会社,1361.01,メンズ,PRD-FSH-00018
SUP-PRD-00307,カーゴトラウザーズ,東京インポート株式会社,1990.31,メンズ,PRD-FSH-00019
SUP-PRD-00308,カーゴトラウザーズ,東京インポート株式会社,2737.66,メンズ,PRD-FSH-00020
SUP-PRD-00309,カーゴボトムス,株式会社ノースライフ,1196.98,メンズ,PRD-FSH-00021
SUP-PRD-00310,カーゴズボン,グローバルトレード合同会社,1791.97,メンズ,PRD-FSH-00022
SUP-PRD-00311,ElegantStyle チノパン,大阪ディストリビューション株式会社,12522.13,メンズ,PRD-FSH-00023
SUP-PRD-00312,CasualMode ジーンズ,サプライチェーンジャパン株式会社,8954.81,メンズ,PRD-FSH-00024
SUP-PRD-00313,ブレザ,株式会社ノースライフ,4782.38,メンズ,PRD-FSH-00025
SUP-PRD-00314,PremiumFashion カーディガン,グローバルトレード合同会社,9439.19,メンズ,PRD-FSH-00026
SUP-PRD-00315,ElegantStyle カーディガン,株式会社ノースライフ,4087.86,メンズ,PRD-FSH-00027
SUP-PRD-00316,CasualMode テーラードジャケット,株式会社ノースライフ,5590.73,メンズ,PRD-FSH-00028
SUP-PRD-00317,テーラード上着,グローバルトレード合同会社,3498.57,メンズ,PRD-FSH-00029
SUP-PRD-00318,ElegantStyle ボンバージャケット,東京インポート株式会社,7442.16,メンズ,PRD-FSH-00030
SUP-PRD-00319,UrbanWear カーディガン,大阪ディストリビューション株式会社,2898.88,メンズ,PRD-FSH-00031
SUP-PRD-00320,テーラードジャケット衣料,株式会社ノースライフ,6922.82,メンズ,PRD-FSH-00032
SUP-PRD-00321,UrbanWear カーディガン,サプライチェーンジャパン株式会社,12966.43,メンズ,PRD-FSH-00033
SUP-PRD-00322,ElegantStyle カーディガン,サプライチェーンジャパン株式会社,11009.2,メンズ,PRD-FSH-00034
SUP-PRD-00323,ボンバー上着,大阪ディストリビューション株式会社,1258.3,メンズ,PRD-FSH-00035
SUP-PRD-00324,テラードジャケット,東京インポート株式会社,9468.08,メンズ,PRD-FSH-00036
SUP-PRD-00325,ダウン上着,サプライチェーンジャパン株式会社,3827.94,メンズ,PRD-FSH-00037
SUP-PRD-00326,トレンチ外套,大阪ディストリビューション株式会社,12045.48,メンズ,PRD-FSH-00038
SUP-PRD-00327,StyleCraft パーカー,大阪ディストリビューション株式会社,11663.85,メンズ,PRD-FSH-00039
SUP-PRD-00328,トレンチ外套,大阪ディストリビューション株式会社,8071.01,メンズ,PRD-FSH-00040
SUP-PRD-00329,UrbanWear パーカー,大阪ディストリビューション株式会社,2153.03,メンズ,PRD-FSH-00041
SUP-PRD-00330,外套,東京インポート株式会社,4186.69,メンズ,PRD-FSH-00042
SUP-PRD-00331,外套,株式会社ノースライフ,9369.07,メンズ,PRD-FSH-00043
SUP-PRD-00332,StyleCraft パーカー,サプライチェーンジャパン株式会社,1831.94,メンズ,PRD-FSH-00044
SUP-PRD-00333,ダウンジャケット衣料,株式会社ノースライフ,10172.29,メンズ,PRD-FSH-00045
SUP-PRD-00334,ダウンアウター,株式会社ノースライフ,6639.44,メンズ,PRD-FSH-00046
SUP-PRD-00335,オーバーコート,東京インポート株式会社,6935.46,メンズ,PRD-FSH-00047
SUP-PRD-00336,ダウンジャケット衣料,サプライチェーンジャパン株式会社,7089.62,メンズ,PRD-FSH-00048
SUP-PRD-00337,ElegantStyle レースブラウス,グローバルトレード合同会社,4280.89,レディース,PRD-FSH-00049
SUP-PRD-00338,ElegantStyle ストライプブラウス,サプライチェーンジャパン株式会社,7172.76,レディース,PRD-FSH-00050
SUP-PRD-00339,UrbanWear シフォンブラウス,サプライチェーンジャパン株式会社,710.69,レディース,PRD-FSH-00051
SUP-PRD-00340,UrbanWear レースブラウス,株式会社ノースライフ,11243.46,レディース,PRD-FSH-00052
SUP-PRD-00341,PremiumFashion ストライプブラウス,グローバルトレード合同会社,7580.48,レディース,PRD-FSH-00053
SUP-PRD-00342,ElegantStyle レースブラウス,グローバルトレード合同会社,14015.51,レディース,PRD-FSH-00054
SUP-PRD-00343,PremiumFashion レースブラウス,株式会社ノースライフ,8604.46,レディース,PRD-FSH-00055
SUP-PRD-00344,ElegantStyle リボンブラウス,サプライチェーンジャパン株式会社,7588.78,レディース,PRD-FSH-00056
SUP-PRD-00345,PremiumFashion レースブラウス,グローバルトレード合同会社,3673.86,レディース,PRD-FSH-00057
SUP-PRD-00346,ElegantStyle リボンブラウス,グローバルトレード合同会社,2530.69,レディース,PRD-FSH-00058
SUP-PRD-00347,CasualMode レースブラウス,株式会社ノースライフ,12841.26,レディース,PRD-FSH-00059
SUP-PRD-00348,ElegantStyle ストライプブラウス,東京インポート株式会社,8635.4,レディース,PRD-FSH-00060
SUP-PRD-00349,フレアフレアー,株式会社ノースライフ,1708.66,レディース,PRD-FSH-00061
SUP-PRD-00350,プリーツフレアー,東京インポート株式会社,2121.57,レディース,PRD-FSH-00062
SUP-PRD-00351,マキシスカート衣料,株式会社ノースライフ,4195.81,レディース,PRD-FSH-00063
SUP-PRD-00352,フレアボトム,サプライチェーンジャパン株式会社,8831.11,レディース,PRD-FSH-00064
SUP-PRD-00353,PremiumFashion プリーツスカート,大阪ディストリビューション株式会社,8424.99,レディース,PRD-FSH-00065
SUP-PRD-00354,タイトボトム,サプライチェーンジャパン株式会社,5618.33,レディース,PRD-FSH-00066
SUP-PRD-00355,UrbanWear マキシスカート,株式会社ノースライフ,1402.14,レディース,PRD-FSH-00067
SUP-PRD-00356,UrbanWear マキシスカート,株式会社ノースライフ,6624.83,レディース,PRD-FSH-00068
SUP-PRD-00357,フレアスカート衣料,東京インポート株式会社,10206.11,レディース,PRD-FSH-00069
SUP-PRD-00358,UrbanWear マキシスカート,サプライチェーンジャパン株式会社,4020.53,レディース,PRD-FSH-00070
SUP-PRD-00359,UrbanWear マキシスカート,東京インポート株式会社,921.47,レディース,PRD-FSH-00071
SUP-PRD-00360,マキシボトム,株式会社ノースライフ,4012.78,レディース,PRD-FSH-00072
SUP-PRD-00361,シャッツワンピース,サプライチェーンジャパン株式会社,5638.82,レディース,PRD-FSH-00073
SUP-PRD-00362,StyleCraft カジュアルワンピース,東京インポート株式会社,4842.55,レディース,PRD-FSH-00074
SUP-PRD-00363,UrbanWear カジュアルワンピース,大阪ディストリビューション株式会社,4592.17,レディース,PRD-FSH-00075
SUP-PRD-00364,トップスワンピース,サプライチェーンジャパン株式会社,2318.67,レディース,PRD-FSH-00076
SUP-PRD-00365,ElegantStyle ニットワンピース,大阪ディストリビューション株式会社,7292.97,レディース,PRD-FSH-00077
SUP-PRD-00366,StyleCraft フォーマルワンピース,サプライチェーンジャパン株式会社,9984.28,レディース,PRD-FSH-00078
SUP-PRD-00367,トップスワンピース,大阪ディストリビューション株式会社,1600.66,レディース,PRD-FSH-00079
SUP-PRD-00368,StyleCraft カジュアルワンピース,東京インポート株式会社,12389.69,レディース,PRD-FSH-00080
SUP-PRD-00369,UrbanWear ニットワンピース,サプライチェーンジャパン株式会社,1332.76,レディース,PRD-FSH-00081
SUP-PRD-00370,StyleCraft フォーマルワンピース,東京インポート株式会社,8848.51,レディース,PRD-FSH-00082
SUP-PRD-00371,トップスワンピース,グローバルトレード合同会社,9393.47,レディース,PRD-FSH-00083
SUP-PRD-00372,ウェアワンピース,東京インポート株式会社,943.48,レディース,PRD-FSH-00084
SUP-PRD-00373,トレンチ外套,株式会社ノースライフ,10227.47,レディース,PRD-FSH-00085
SUP-PRD-00374,ダッフル外套,サプライチェーンジャパン株式会社,1797.44,レディース,PRD-FSH-00086
SUP-PRD-00375,トレンチオーバーコート,東京インポート株式会社,12636.28,レディース,PRD-FSH-00087
SUP-PRD-00376,ダッフルオーバーコート,東京インポート株式会社,8852.37,レディース,PRD-FSH-00088
SUP-PRD-00377,チェスター外套,東京インポート株式会社,3298.78,レディース,PRD-FSH-00089
SUP-PRD-00378,PremiumFashion ダッフルコート,大阪ディストリビューション株式会社,2564.46,レディース,PRD-FSH-00090
SUP-PRD-00379,ダッフル外套,グローバルトレード合同会社,1246.62,レディース,PRD-FSH-00091
SUP-PRD-00380,チェスターアウター,サプライチェーンジャパン株式会社,486.55,レディース,PRD-FSH-00092
SUP-PRD-00381,ダッフル外套,大阪ディストリビューション株式会社,3023.66,レディース,PRD-FSH-00093
SUP-PRD-00382,トレンチ外套,株式会社ノースライフ,6240.98,レディース,PRD-FSH-00094
SUP-PRD-00383,ElegantStyle トレンチコート,グローバルトレード合同会社,4299.01,レディース,PRD-FSH-00095
SUP-PRD-00384,ダッフル外套,グローバルトレード合同会社,2584.3,レディース,PRD-FSH-00096
SUP-PRD-00385,CasualMode リュックサック,東京インポート株式会社,6263.59,アクセサリー,PRD-FSH-00097
SUP-PRD-00386,ショルダー鞄,グローバルトレード合同会社,4402.78,アクセサリー,PRD-FSH-00098
SUP-PRD-00387,トートバック,大阪ディストリビューション株式会社,8293.87,アクセサリー,PRD-FSH-00099
SUP-PRD-00388,ElegantStyle ハンドバッグ,グローバルトレード合同会社,11828.97,アクセサリー,PRD-FSH-00100
SUP-PRD-00389,ショルダーカバン,大阪ディストリビューション株式会社,5513.17,アクセサリー,PRD-FSH-00101
SUP-PRD-00390,ショルダーバック,東京インポート株式会社,14157.42,アクセサリー,PRD-FSH-00102
SUP-PRD-00391,ショルダーカバン,サプライチェーンジャパン株式会社,7125.74,アクセサリー,PRD-FSH-00103
SUP-PRD-00392,ハンド鞄,グローバルトレード合同会社,10392.71,アクセサリー,PRD-FSH-00104
SUP-PRD-00393,CasualMode リュックサック,東京インポート株式会社,1299.14,アクセサリー,PRD-FSH-00105
SUP-PRD-00394,ショルダー鞄,大阪ディストリビューション株式会社,9186.69,アクセサリー,PRD-FSH-00106
SUP-PRD-00395,ハンドバック,グローバルトレード合同会社,4320.4,アクセサリー,PRD-FSH-00107
SUP-PRD-00396,ショルダー鞄,大阪ディストリビューション株式会社,2954.06,アクセサリー,PRD-FSH-00108
SUP-PRD-00397,CasualMode 二つ折り財布,株式会社ノースライフ,4444.93,アクセサリー,PRD-FSH-00109
SUP-PRD-00398,StyleCraft 長財布,グローバルトレード合同会社,13298.94,アクセサリー,PRD-FSH-00110
SUP-PRD-00399,StyleCraft 長財布,グローバルトレード合同会社,9696.76,アクセサリー,PRD-FSH-00111
SUP-PRD-00400,カドケース,東京インポート株式会社,5134.82,アクセサリー,PRD-FSH-00112
SUP-PRD-00401,CasualMode 長財布,株式会社ノースライフ,4998.64,アクセサリー,PRD-FSH-00113
SUP-PRD-00402,ElegantStyle 二つ折り財布,東京インポート株式会社,2195.79,アクセサリー,PRD-FSH-00114
SUP-PRD-00403,StyleCraft コインケース,サプライチェーンジャパン株式会社,5524.25,アクセサリー,PRD-FSH-00115
SUP-PRD-00404,StyleCraft カードケース,グローバルトレード合同会社,7711.64,アクセサリー,PRD-FSH-00116
SUP-PRD-00405,ElegantStyle 長財布,グローバルトレード合同会社,6987.96,アクセサリー,PRD-FSH-00117
SUP-PRD-00406,ElegantStyle カードケース,サプライチェーンジャパン株式会社,9771.49,アクセサリー,PRD-FSH-00118
SUP-PRD-00407,UrbanWear カードケース,大阪ディストリビューション株式会社,12906.39,アクセサリー,PRD-FSH-00119
SUP-PRD-00408,CasualMode 長財布,東京インポート株式会社,12064.28,アクセサリー,PRD-FSH-00120
SUP-PRD-00409,PremiumFashion メッシュベルト,東京インポート株式会社,11186.89,アクセサリー,PRD-FSH-00121
SUP-PRD-00410,PremiumFashion レザーベルト,大阪ディストリビューション株式会社,12114.53,アクセサリー,PRD-FSH-00122
SUP-PRD-00411,UrbanWear メッシュベルト,グローバルトレード合同会社,12491.15,アクセサリー,PRD-FSH-00123
SUP-PRD-00412,皮革ベルト,グローバルトレード合同会社,767.98,アクセサリー,PRD-FSH-00124
SUP-PRD-00413,レザー素材ベルト,グローバルトレード合同会社,12165.74,アクセサリー,PRD-FSH-00125
SUP-PRD-00414,PremiumFashion カジュアルベルト,東京インポート株式会社,1371.33,アクセサリー,PRD-FSH-00126
SUP-PRD-00415,CasualMode ビジネスベルト,株式会社ノースライフ,6488.15,アクセサリー,PRD-FSH-00127
SUP-PRD-00416,StyleCraft メッシュベルト,株式会社ノースライフ,6486.05,アクセサリー,PRD-FSH-00128
SUP-PRD-00417,ElegantStyle カジュアルベルト,グローバルトレード合同会社,2663.55,アクセサリー,PRD-FSH-00129
SUP-PRD-00418,革ベルト,サプライチェーンジャパン株式会社,676.05,アクセサリー,PRD-FSH-00130
SUP-PRD-00419,レザー素材ベルト,大阪ディストリビューション株式会社,6896.35,アクセサリー,PRD-FSH-00131
SUP-PRD-00420,StyleCraft メッシュベルト,東京インポート株式会社,12247.53,アクセサリー,PRD-FSH-00132
SUP-PRD-00421,ElegantStyle ハット,東京インポート株式会社,7925.3,アクセサリー,PRD-FSH-00133
SUP-PRD-00422,UrbanWear ニット帽,サプライチェーンジャパン株式会社,13961.39,アクセサリー,PRD-FSH-00134
SUP-PRD-00423,StyleCraft ベレー帽,大阪ディストリビューション株式会社,5219.01,アクセサリー,PRD-FSH-00135
SUP-PRD-00424,ベレ帽,グローバルトレード合同会社,4131.97,アクセサリー,PRD-FSH-00136
SUP-PRD-00425,StyleCraft キャップ,東京インポート株式会社,13915.15,アクセサリー,PRD-FSH-00137
SUP-PRD-00426,ベレー 帽,大阪ディストリビューション株式会社,11343.56,アクセサリー,PRD-FSH-00138
SUP-PRD-00427,UrbanWear ベレー帽,東京インポート株式会社,2565.63,アクセサリー,PRD-FSH-00139
SUP-PRD-00428,ElegantStyle ニット帽,大阪ディストリビューション株式会社,5141.85,アクセサリー,PRD-FSH-00140
SUP-PRD-00429,StyleCraft ニット帽,東京インポート株式会社,1396.35,アクセサリー,PRD-FSH-00141
SUP-PRD-00430,StyleCraft ハット,グローバルトレード合同会社,11329.82,アクセサリー,PRD-FSH-00142
SUP-PRD-00431,CasualMode ベレー帽,大阪ディストリビューション株式会社,2273.28,アクセサリー,PRD-FSH-00143
SUP-PRD-00432,ニット 帽,東京インポート株式会社,13123.78,アクセサリー,PRD-FSH-00144
SUP-PRD-00433,TechPublish 組織マネジメント実践,グローバルトレード合同会社,708.55,ビジネス,PRD-BKS-00001
SUP-PRD-00434,BusinessBooks 経営戦略入門,東京インポート株式会社,1399.07,ビジネス,PRD-BKS-00002
SUP-PRD-00435,KnowledgePress リーダーシップの教科書,東京インポート株式会社,2117.27,ビジネス,PRD-BKS-00003
SUP-PRD-00436,AcademicPress イノベーション経営,大阪ディストリビューション株式会社,901.92,ビジネス,PRD-BKS-00004
SUP-PRD-00437,ModernReads 経営戦略入門,株式会社ノースライフ,1137.95,ビジネス,PRD-BKS-00005
SUP-PRD-00438,BusinessBooks リーダーシップの教科書,サプライチェーンジャパン株式会社,1236.44,ビジネス,PRD-BKS-00006
SUP-PRD-00439,KnowledgePress 経営戦略入門,東京インポート株式会社,1019.66,ビジネス,PRD-BKS-00007
SUP-PRD-00440,ModernReads リーダーシップの教科書,サプライチェーンジャパン株式会社,1775.35,ビジネス,PRD-BKS-00008
SUP-PRD-00441,TechPublish リーダーシップの教科書,グローバルトレード合同会社,524.15,ビジネス,PRD-BKS-00009
SUP-PRD-00442,ModernReads 経営戦略入門,株式会社ノースライフ,968.96,ビジネス,PRD-BKS-00010
SUP-PRD-00443,TechPublish リーダーシップの教科書,大阪ディストリビューション株式会社,2027.63,ビジネス,PRD-BKS-00011
SUP-PRD-00444,KnowledgePress 組織マネジメント実践,大阪ディストリビューション株式会社,468.49,ビジネス,PRD-BKS-00012
SUP-PRD-00445,AcademicPress ブランド戦略,サプライチェーンジャパン株式会社,1384.42,ビジネス,PRD-BKS-00013
SUP-PRD-00446,SNSマーケティング 実践,株式会社ノースライフ,1557.18,ビジネス,PRD-BKS-00014
SUP-PRD-00447,KnowledgePress コンテンツマーケティング,大阪ディストリビューション株式会社,2901.95,ビジネス,PRD-BKS-00015
SUP-PRD-00448,BusinessBooks SNSマーケティング実践,サプライチェーンジャパン株式会社,1069.75,ビジネス,PRD-BKS-00016
SUP-PRD-00449,デジタルマーケティング 入門,株式会社ノースライフ,1038.74,ビジネス,PRD-BKS-00017
SUP-PRD-00450,デジタルマーケティング 入門,サプライチェーンジャパン株式会社,1354.48,ビジネス,PRD-BKS-00018
SUP-PRD-00451,ModernReads コンテンツマーケティング,グローバルトレード合同会社,1985.59,ビジネス,PRD-BKS-00019
SUP-PRD-00452,KnowledgePress SNSマーケティング実践,大阪ディストリビューション株式会社,2404.95,ビジネス,PRD-BKS-00020
SUP-PRD-00453,BusinessBooks コンテンツマーケティング,東京インポート株式会社,2437.31,ビジネス,PRD-BKS-00021
SUP-PRD-00454,デジタルマーケティング 入門,株式会社ノースライフ,2438.08,ビジネス,PRD-BKS-00022
SUP-PRD-00455,BusinessBooks コンテンツマーケティング,株式会社ノースライフ,2014.42,ビジネス,PRD-BKS-00023
SUP-PRD-00456,KnowledgePress コンテンツマーケティング,サプライチェーンジャパン株式会社,1237.59,ビジネス,PRD-BKS-00024
SUP-PRD-00457,TechPublish 時間管理術,東京インポート株式会社,2967.56,ビジネス,PRD-BKS-00025
SUP-PRD-00458,コミュニケーション 力向上,東京インポート株式会社,2841.24,ビジネス,PRD-BKS-00026
SUP-PRD-00459,KnowledgePress 習慣化メソッド,グローバルトレード合同会社,1357.05,ビジネス,PRD-BKS-00027
SUP-PRD-00460,KnowledgePress コミュニケーション力向上,東京インポート株式会社,1489.07,ビジネス,PRD-BKS-00028
SUP-PRD-00461,AcademicPress コミュニケーション力向上,サプライチェーンジャパン株式会社,1909.34,ビジネス,PRD-BKS-00029
SUP-PRD-00462,TechPublish 時間管理術,大阪ディストリビューション株式会社,969.23,ビジネス,PRD-BKS-00030
SUP-PRD-00463,思考法 トレーニング,グローバルトレード合同会社,2662.16,ビジネス,PRD-BKS-00031
SUP-PRD-00464,KnowledgePress 思考法トレーニング,株式会社ノースライフ,2276.21,ビジネス,PRD-BKS-00032
SUP-PRD-00465,KnowledgePress コミュニケーション力向上,東京インポート株式会社,1410.39,ビジネス,PRD-BKS-00033
SUP-PRD-00466,ModernReads 時間管理術,グローバルトレード合同会社,2666.68,ビジネス,PRD-BKS-00034
SUP-PRD-00467,BusinessBooks 思考法トレーニング,東京インポート株式会社,810.13,ビジネス,PRD-BKS-00035
SUP-PRD-00468,BusinessBooks 習慣化メソッド,グローバルトレード合同会社,2414.37,ビジネス,PRD-BKS-00036
SUP-PRD-00469,TechPublish リモートワーク入門,サプライチェーンジャパン株式会社,2238.7,ビジネス,PRD-BKS-00037
SUP-PRD-00470,KnowledgePress リモートワーク入門,サプライチェーンジャパン株式会社,931.47,ビジネス,PRD-BKS-00038
SUP-PRD-00471,ModernReads 転職成功ガイド,株式会社ノースライフ,1147.97,ビジネス,PRD-BKS-00039
SUP-PRD-00472,BusinessBooks 転職成功ガイド,グローバルトレード合同会社,573.07,ビジネス,PRD-BKS-00040
SUP-PRD-00473,ModernReads 転職成功ガイド,株式会社ノースライフ,1470.34,ビジネス,PRD-BKS-00041
SUP-PRD-00474,ModernReads スキルアップ戦略,グローバルトレード合同会社,2993.95,ビジネス,PRD-BKS-00042
SUP-PRD-00475,TechPublish 転職成功ガイド,グローバルトレード合同会社,1119.07,ビジネス,PRD-BKS-00043
SUP-PRD-00476,リモトワーク入門,株式会社ノースライフ,1546.34,ビジネス,PRD-BKS-00044
SUP-PRD-00477,AcademicPress キャリア設計の教科書,東京インポート株式会社,1795.06,ビジネス,PRD-BKS-00045
SUP-PRD-00478,リモートワーク 入門,株式会社ノースライフ,1168.99,ビジネス,PRD-BKS-00046
SUP-PRD-00479,BusinessBooks 転職成功ガイド,株式会社ノースライフ,1102.44,ビジネス,PRD-BKS-00047
SUP-PRD-00480,転職成功 ガイド,東京インポート株式会社,1517.66,ビジネス,PRD-BKS-00048
SUP-PRD-00481,Ｗｅｂ開発実践,大阪ディストリビューション株式会社,587.82,技術書,PRD-BKS-00049
SUP-PRD-00482,BusinessBooks JavaScript完全ガイド,グローバルトレード合同会社,2822.08,技術書,PRD-BKS-00050
SUP-PRD-00483,KnowledgePress Web開発実践,サプライチェーンジャパン株式会社,539.65,技術書,PRD-BKS-00051
SUP-PRD-00484,AcademicPress Web開発実践,東京インポート株式会社,1222.52,技術書,PRD-BKS-00052
SUP-PRD-00485,AcademicPress JavaScript完全ガイド,東京インポート株式会社,1351.44,技術書,PRD-BKS-00053
SUP-PRD-00486,ModernReads アルゴリズム入門,大阪ディストリビューション株式会社,1492.12,技術書,PRD-BKS-00054
SUP-PRD-00487,TechPublish Python入門,株式会社ノースライフ,2214.44,技術書,PRD-BKS-00055
SUP-PRD-00488,AcademicPress アルゴリズム入門,東京インポート株式会社,1241.53,技術書,PRD-BKS-00056
SUP-PRD-00489,Ｐｙｔｈｏｎ入門,大阪ディストリビューション株式会社,1559.88,技術書,PRD-BKS-00057
SUP-PRD-00490,KnowledgePress JavaScript完全ガイド,大阪ディストリビューション株式会社,1418.71,技術書,PRD-BKS-00058
SUP-PRD-00491,BusinessBooks JavaScript完全ガイド,サプライチェーンジャパン株式会社,2796.2,技術書,PRD-BKS-00059
SUP-PRD-00492,AcademicPress アルゴリズム入門,大阪ディストリビューション株式会社,836.91,技術書,PRD-BKS-00060
SUP-PRD-00493,ModernReads データ分析入門,株式会社ノースライフ,1635.37,技術書,PRD-BKS-00061
SUP-PRD-00494,ModernReads データ可視化テクニック,東京インポート株式会社,2230.37,技術書,PRD-BKS-00062
SUP-PRD-00495,ＳＱＬ実践ガイド,株式会社ノースライフ,861.89,技術書,PRD-BKS-00063
SUP-PRD-00496,データ 分析入門,東京インポート株式会社,1525.43,技術書,PRD-BKS-00064
SUP-PRD-00497,TechPublish SQL実践ガイド,グローバルトレード合同会社,1301.22,技術書,PRD-BKS-00065
SUP-PRD-00498,BusinessBooks 統計学基礎,サプライチェーンジャパン株式会社,1835.21,技術書,PRD-BKS-00066
SUP-PRD-00499,SQL実践 ガイド,大阪ディストリビューション株式会社,2936.51,技術書,PRD-BKS-00067
SUP-PRD-00500,ModernReads データ分析入門,株式会社ノースライフ,2373.08,技術書,PRD-BKS-00068
SUP-PRD-00501,TechPublish 統計学基礎,株式会社ノースライフ,1223.73,技術書,PRD-BKS-00069
SUP-PRD-00502,KnowledgePress データ可視化テクニック,大阪ディストリビューション株式会社,514.0,技術書,PRD-BKS-00070
SUP-PRD-00503,データ 可視化テクニック,東京インポート株式会社,2747.89,技術書,PRD-BKS-00071
SUP-PRD-00504,ModernReads データ可視化テクニック,グローバルトレード合同会社,1189.3,技術書,PRD-BKS-00072
SUP-PRD-00505,KnowledgePress ディープラーニング実践,東京インポート株式会社,773.99,技術書,PRD-BKS-00073
SUP-PRD-00506,AcademicPress 機械学習入門,サプライチェーンジャパン株式会社,1832.4,技術書,PRD-BKS-00074
SUP-PRD-00507,AcademicPress 自然言語処理入門,サプライチェーンジャパン株式会社,1129.95,技術書,PRD-BKS-00075
SUP-PRD-00508,ＡＩ活用ガイド,株式会社ノースライフ,2725.05,技術書,PRD-BKS-00076
SUP-PRD-00509,ディープラーニング 実践,グローバルトレード合同会社,2090.23,技術書,PRD-BKS-00077
SUP-PRD-00510,KnowledgePress 機械学習入門,株式会社ノースライフ,1449.02,技術書,PRD-BKS-00078
SUP-PRD-00511,エーアイ活用ガイド,グローバルトレード合同会社,1614.3,技術書,PRD-BKS-00079
SUP-PRD-00512,BusinessBooks AI活用ガイド,グローバルトレード合同会社,708.73,技術書,PRD-BKS-00080
SUP-PRD-00513,ModernReads 自然言語処理入門,グローバルトレード合同会社,1231.01,技術書,PRD-BKS-00081
SUP-PRD-00514,ModernReads ディープラーニング実践,株式会社ノースライフ,3080.68,技術書,PRD-BKS-00082
SUP-PRD-00515,TechPublish 自然言語処理入門,東京インポート株式会社,1920.21,技術書,PRD-BKS-00083
SUP-PRD-00516,AcademicPress ディープラーニング実践,大阪ディストリビューション株式会社,1543.56,技術書,PRD-BKS-00084
SUP-PRD-00517,BusinessBooks ネットワーク基礎,グローバルトレード合同会社,1121.49,技術書,PRD-BKS-00085
SUP-PRD-00518,ModernReads クラウド入門,株式会社ノースライフ,1127.36,技術書,PRD-BKS-00086
SUP-PRD-00519,セキュリティ 入門,サプライチェーンジャパン株式会社,1178.08,技術書,PRD-BKS-00087
SUP-PRD-00520,ModernReads Docker実践ガイド,大阪ディストリビューション株式会社,921.18,技術書,PRD-BKS-00088
SUP-PRD-00521,AcademicPress クラウド入門,株式会社ノースライフ,2010.53,技術書,PRD-BKS-00089
SUP-PRD-00522,ネットワーク 基礎,大阪ディストリビューション株式会社,578.54,技術書,PRD-BKS-00090
SUP-PRD-00523,TechPublish セキュリティ入門,グローバルトレード合同会社,729.21,技術書,PRD-BKS-00091
SUP-PRD-00524,ModernReads ネットワーク基礎,サプライチェーンジャパン株式会社,635.71,技術書,PRD-BKS-00092
SUP-PRD-00525,KnowledgePress クラウド入門,サプライチェーンジャパン株式会社,2403.35,技術書,PRD-BKS-00093
SUP-PRD-00526,ModernReads ネットワーク基礎,大阪ディストリビューション株式会社,1219.72,技術書,PRD-BKS-00094
SUP-PRD-00527,クラウド 入門,大阪ディストリビューション株式会社,1552.32,技術書,PRD-BKS-00095
SUP-PRD-00528,TechPublish セキュリティ入門,グローバルトレード合同会社,1324.19,技術書,PRD-BKS-00096
SUP-PRD-00529,TechPublish 恋愛小説,東京インポート株式会社,807.84,文芸,PRD-BKS-00097
SUP-PRD-00530,TechPublish ミステリー小説,大阪ディストリビューション株式会社,1892.57,文芸,PRD-BKS-00098
SUP-PRD-00531,TechPublish 恋愛小説,グローバルトレード合同会社,1129.82,文芸,PRD-BKS-00099
SUP-PRD-00532,KnowledgePress 恋愛小説,大阪ディストリビューション株式会社,538.73,文芸,PRD-BKS-00100
SUP-PRD-00533,TechPublish ミステリー小説,大阪ディストリビューション株式会社,778.42,文芸,PRD-BKS-00101
SUP-PRD-00534,ＳＦ小説,サプライチェーンジャパン株式会社,578.45,文芸,PRD-BKS-00102
SUP-PRD-00535,TechPublish ミステリー小説,グローバルトレード合同会社,1235.14,文芸,PRD-BKS-00103
SUP-PRD-00536,AcademicPress SF小説,株式会社ノースライフ,1282.86,文芸,PRD-BKS-00104
SUP-PRD-00537,BusinessBooks 恋愛小説,東京インポート株式会社,646.24,文芸,PRD-BKS-00105
SUP-PRD-00538,ModernReads ミステリー小説,サプライチェーンジャパン株式会社,802.13,文芸,PRD-BKS-00106
SUP-PRD-00539,BusinessBooks 恋愛小説,サプライチェーンジャパン株式会社,1679.77,文芸,PRD-BKS-00107
SUP-PRD-00540,ミステリー 小説,大阪ディストリビューション株式会社,1035.21,文芸,PRD-BKS-00108
SUP-PRD-00541,TechPublish 旅行エッセイ,株式会社ノースライフ,2495.14,文芸,PRD-BKS-00109
SUP-PRD-00542,BusinessBooks 人生エッセイ,株式会社ノースライフ,2034.82,文芸,PRD-BKS-00110
SUP-PRD-00543,KnowledgePress 食エッセイ,グローバルトレード合同会社,2228.02,文芸,PRD-BKS-00111
SUP-PRD-00544,TechPublish 日常エッセイ,グローバルトレード合同会社,1648.12,文芸,PRD-BKS-00112
SUP-PRD-00545,TechPublish 日常エッセイ,サプライチェーンジャパン株式会社,1897.92,文芸,PRD-BKS-00113
SUP-PRD-00546,BusinessBooks 旅行エッセイ,サプライチェーンジャパン株式会社,1047.29,文芸,PRD-BKS-00114
SUP-PRD-00547,TechPublish 食エッセイ,東京インポート株式会社,563.85,文芸,PRD-BKS-00115
SUP-PRD-00548,TechPublish 食エッセイ,株式会社ノースライフ,2055.15,文芸,PRD-BKS-00116
SUP-PRD-00549,AcademicPress 旅行エッセイ,株式会社ノースライフ,1584.23,文芸,PRD-BKS-00117
SUP-PRD-00550,AcademicPress 日常エッセイ,大阪ディストリビューション株式会社,828.1,文芸,PRD-BKS-00118
SUP-PRD-00551,ModernReads 日常エッセイ,東京インポート株式会社,1499.14,文芸,PRD-BKS-00119
SUP-PRD-00552,AcademicPress 食エッセイ,サプライチェーンジャパン株式会社,2377.37,文芸,PRD-BKS-00120
SUP-PRD-00553,BusinessBooks 現代詩集,株式会社ノースライフ,1824.71,文芸,PRD-BKS-00121
SUP-PRD-00554,ModernReads 短歌集,株式会社ノースライフ,1281.02,文芸,PRD-BKS-00122
SUP-PRD-00555,BusinessBooks 散文詩集,グローバルトレード合同会社,2639.94,文芸,PRD-BKS-00123
SUP-PRD-00556,BusinessBooks 散文詩集,サプライチェーンジャパン株式会社,2887.15,文芸,PRD-BKS-00124
SUP-PRD-00557,AcademicPress 散文詩集,サプライチェーンジャパン株式会社,1390.61,文芸,PRD-BKS-00125
SUP-PRD-00558,ModernReads 散文詩集,東京インポート株式会社,1402.03,文芸,PRD-BKS-00126
SUP-PRD-00559,KnowledgePress 抒情詩集,サプライチェーンジャパン株式会社,1220.48,文芸,PRD-BKS-00127
SUP-PRD-00560,TechPublish 短歌集,グローバルトレード合同会社,678.18,文芸,PRD-BKS-00128
SUP-PRD-00561,BusinessBooks 抒情詩集,サプライチェーンジャパン株式会社,873.71,文芸,PRD-BKS-00129
SUP-PRD-00562,AcademicPress 散文詩集,サプライチェーンジャパン株式会社,1722.06,文芸,PRD-BKS-00130
SUP-PRD-00563,TechPublish 短歌集,東京インポート株式会社,2369.99,文芸,PRD-BKS-00131
SUP-PRD-00564,TechPublish 散文詩集,グローバルトレード合同会社,1261.84,文芸,PRD-BKS-00132
SUP-PRD-00565,KnowledgePress 現代戯曲集,東京インポート株式会社,2506.49,文芸,PRD-BKS-00133
SUP-PRD-00566,AcademicPress クラシック戯曲,株式会社ノースライフ,1178.16,文芸,PRD-BKS-00134
SUP-PRD-00567,AcademicPress 短編戯曲集,サプライチェーンジャパン株式会社,1359.81,文芸,PRD-BKS-00135
SUP-PRD-00568,AcademicPress 現代戯曲集,株式会社ノースライフ,1339.17,文芸,PRD-BKS-00136
SUP-PRD-00569,BusinessBooks 一人芝居台本,大阪ディストリビューション株式会社,1253.19,文芸,PRD-BKS-00137
SUP-PRD-00570,TechPublish 現代戯曲集,サプライチェーンジャパン株式会社,1054.21,文芸,PRD-BKS-00138
SUP-PRD-00571,BusinessBooks 現代戯曲集,東京インポート株式会社,1877.8,文芸,PRD-BKS-00139
SUP-PRD-00572,KnowledgePress 一人芝居台本,大阪ディストリビューション株式会社,1944.47,文芸,PRD-BKS-00140
SUP-PRD-00573,BusinessBooks 一人芝居台本,サプライチェーンジャパン株式会社,1539.53,文芸,PRD-BKS-00141
SUP-PRD-00574,AcademicPress 短編戯曲集,グローバルトレード合同会社,1053.98,文芸,PRD-BKS-00142
SUP-PRD-00575,KnowledgePress 一人芝居台本,グローバルトレード合同会社,2127.64,文芸,PRD-BKS-00143
SUP-PRD-00576,TechPublish クラシック戯曲,東京インポート株式会社,859.52,文芸,PRD-BKS-00144
